STATION,NAME,LATITUDE,LONGITUDE,ELEVATION,DATE,TAVG
ASN00028008,"LOCKHART RIVER AIRPORT, AS",-12.785,143.3047,18.5,1981-01,27
ASN00028008,"LOCKHART RIVER AIRPORT, AS",-12.785,143.3047,18.5,1981-02,27.8
ASN00028008,"LOCKHART RIVER AIRPORT, AS",-12.785,143.3047,18.5,1981-03,27.7
ASN00028008,"LOCKHART RIVER AIRPORT, AS",-12.785,143.3047,18.5,1981-04,26.6
ASN00028008,"LOCKHART RIVER AIRPORT, AS",-12.785,143.3047,18.5,1981-05,25.5
ASN00028008,"LOCKHART RIVER AIRPORT, AS",-12.785,143.3047,18.5,1981-06,24
ASN00028008,"LOCKHART RIVER AIRPORT, AS",-12.785,143.3047,18.5,1981-07,24.9
ASN00028008,"LOCKHART RIVER AIRPORT, AS",-12.785,143.3047,18.5,1981-08,23.3
ASN00028008,"LOCKHART RIVER AIRPORT, AS",-12.785,143.3047,18.5,1981-09,24.7
ASN00028008,"LOCKHART RIVER AIRPORT, AS",-12.785,143.3047,18.5,1981-10,26.6
ASN00028008,"LOCKHART RIVER AIRPORT, AS",-12.785,143.3047,18.5,1981-11,28.4
ASN00028008,"LOCKHART RIVER AIRPORT, AS",-12.785,143.3047,18.5,1981-12,28
ASN00028008,"LOCKHART RIVER AIRPORT, AS",-12.785,143.3047,18.5,1982-01,27.6
ASN00028008,"LOCKHART RIVER AIRPORT, AS",-12.785,143.3047,18.5,1982-02,27.3
ASN00028008,"LOCKHART RIVER AIRPORT, AS",-12.785,143.3047,18.5,1982-03,27.1
ASN00028008,"LOCKHART RIVER AIRPORT, AS",-12.785,143.3047,18.5,1982-04,26.1
ASN00028008,"LOCKHART RIVER AIRPORT, AS",-12.785,143.3047,18.5,1982-05,24.9
ASN00028008,"LOCKHART RIVER AIRPORT, AS",-12.785,143.3047,18.5,1982-06,22.1
ASN00028008,"LOCKHART RIVER AIRPORT, AS",-12.785,143.3047,18.5,1982-07,21.4
ASN00028008,"LOCKHART RIVER AIRPORT, AS",-12.785,143.3047,18.5,1982-08,22.4
ASN00028008,"LOCKHART RIVER AIRPORT, AS",-12.785,143.3047,18.5,1982-09,23.2
ASN00028008,"LOCKHART RIVER AIRPORT, AS",-12.785,143.3047,18.5,1982-10,24.1
ASN00028008,"LOCKHART RIVER AIRPORT, AS",-12.785,143.3047,18.5,1982-11,25.6
ASN00028008,"LOCKHART RIVER AIRPORT, AS",-12.785,143.3047,18.5,1982-12,27.8
ASN00028008,"LOCKHART RIVER AIRPORT, AS",-12.785,143.3047,18.5,1983-01,28.6
ASN00028008,"LOCKHART RIVER AIRPORT, AS",-12.785,143.3047,18.5,1983-02,28
ASN00028008,"LOCKHART RIVER AIRPORT, AS",-12.785,143.3047,18.5,1983-03,27.7
ASN00028008,"LOCKHART RIVER AIRPORT, AS",-12.785,143.3047,18.5,1983-04,27.6
ASN00028008,"LOCKHART RIVER AIRPORT, AS",-12.785,143.3047,18.5,1983-05,26.3
ASN00028008,"LOCKHART RIVER AIRPORT, AS",-12.785,143.3047,18.5,1983-06,23.8
ASN00028008,"LOCKHART RIVER AIRPORT, AS",-12.785,143.3047,18.5,1983-07,23
ASN00028008,"LOCKHART RIVER AIRPORT, AS",-12.785,143.3047,18.5,1983-08,23.9
ASN00028008,"LOCKHART RIVER AIRPORT, AS",-12.785,143.3047,18.5,1983-09,25.2
ASN00028008,"LOCKHART RIVER AIRPORT, AS",-12.785,143.3047,18.5,1983-10,26.6
ASN00028008,"LOCKHART RIVER AIRPORT, AS",-12.785,143.3047,18.5,1983-11,27.5
ASN00028008,"LOCKHART RIVER AIRPORT, AS",-12.785,143.3047,18.5,1983-12,27.7
ASN00028008,"LOCKHART RIVER AIRPORT, AS",-12.785,143.3047,18.5,1984-01,27.4
ASN00028008,"LOCKHART RIVER AIRPORT, AS",-12.785,143.3047,18.5,1984-02,27
ASN00028008,"LOCKHART RIVER AIRPORT, AS",-12.785,143.3047,18.5,1984-03,26.7
ASN00028008,"LOCKHART RIVER AIRPORT, AS",-12.785,143.3047,18.5,1984-04,26.4
ASN00028008,"LOCKHART RIVER AIRPORT, AS",-12.785,143.3047,18.5,1984-05,25.4
ASN00028008,"LOCKHART RIVER AIRPORT, AS",-12.785,143.3047,18.5,1984-06,23.3
ASN00028008,"LOCKHART RIVER AIRPORT, AS",-12.785,143.3047,18.5,1984-07,22.8
ASN00028008,"LOCKHART RIVER AIRPORT, AS",-12.785,143.3047,18.5,1984-08,23.7
ASN00028008,"LOCKHART RIVER AIRPORT, AS",-12.785,143.3047,18.5,1984-09,25.3
ASN00028008,"LOCKHART RIVER AIRPORT, AS",-12.785,143.3047,18.5,1984-10,25.8
ASN00028008,"LOCKHART RIVER AIRPORT, AS",-12.785,143.3047,18.5,1984-11,27.5
ASN00028008,"LOCKHART RIVER AIRPORT, AS",-12.785,143.3047,18.5,1984-12,28.4
ASN00028008,"LOCKHART RIVER AIRPORT, AS",-12.785,143.3047,18.5,1985-01,27.5
ASN00028008,"LOCKHART RIVER AIRPORT, AS",-12.785,143.3047,18.5,1985-02,27.6
ASN00028008,"LOCKHART RIVER AIRPORT, AS",-12.785,143.3047,18.5,1985-03,26.8
ASN00028008,"LOCKHART RIVER AIRPORT, AS",-12.785,143.3047,18.5,1985-04,26.7
ASN00028008,"LOCKHART RIVER AIRPORT, AS",-12.785,143.3047,18.5,1985-05,25.3
ASN00028008,"LOCKHART RIVER AIRPORT, AS",-12.785,143.3047,18.5,1985-06,23.5
ASN00028008,"LOCKHART RIVER AIRPORT, AS",-12.785,143.3047,18.5,1985-07,22.3
ASN00028008,"LOCKHART RIVER AIRPORT, AS",-12.785,143.3047,18.5,1985-08,24.1
ASN00028008,"LOCKHART RIVER AIRPORT, AS",-12.785,143.3047,18.5,1985-09,23.9
ASN00028008,"LOCKHART RIVER AIRPORT, AS",-12.785,143.3047,18.5,1985-10,26.1
ASN00028008,"LOCKHART RIVER AIRPORT, AS",-12.785,143.3047,18.5,1985-11,27.9
ASN00028008,"LOCKHART RIVER AIRPORT, AS",-12.785,143.3047,18.5,1985-12,27.9
ASN00028008,"LOCKHART RIVER AIRPORT, AS",-12.785,143.3047,18.5,1986-01,27.1
ASN00028008,"LOCKHART RIVER AIRPORT, AS",-12.785,143.3047,18.5,1986-02,27.7
ASN00028008,"LOCKHART RIVER AIRPORT, AS",-12.785,143.3047,18.5,1986-03,27.1
ASN00028008,"LOCKHART RIVER AIRPORT, AS",-12.785,143.3047,18.5,1986-04,26.4
ASN00028008,"LOCKHART RIVER AIRPORT, AS",-12.785,143.3047,18.5,1986-05,25.4
ASN00028008,"LOCKHART RIVER AIRPORT, AS",-12.785,143.3047,18.5,1986-06,24.2
ASN00028008,"LOCKHART RIVER AIRPORT, AS",-12.785,143.3047,18.5,1986-07,24.4
ASN00028008,"LOCKHART RIVER AIRPORT, AS",-12.785,143.3047,18.5,1986-08,23.9
ASN00028008,"LOCKHART RIVER AIRPORT, AS",-12.785,143.3047,18.5,1986-09,24.9
ASN00028008,"LOCKHART RIVER AIRPORT, AS",-12.785,143.3047,18.5,1986-10,26.7
ASN00028008,"LOCKHART RIVER AIRPORT, AS",-12.785,143.3047,18.5,1986-11,27.7
ASN00028008,"LOCKHART RIVER AIRPORT, AS",-12.785,143.3047,18.5,1986-12,27.9
ASN00028008,"LOCKHART RIVER AIRPORT, AS",-12.785,143.3047,18.5,1987-01,28.1
ASN00028008,"LOCKHART RIVER AIRPORT, AS",-12.785,143.3047,18.5,1987-02,27.1
ASN00028008,"LOCKHART RIVER AIRPORT, AS",-12.785,143.3047,18.5,1987-03,27
ASN00028008,"LOCKHART RIVER AIRPORT, AS",-12.785,143.3047,18.5,1987-04,26.1
ASN00028008,"LOCKHART RIVER AIRPORT, AS",-12.785,143.3047,18.5,1987-05,25.7
ASN00028008,"LOCKHART RIVER AIRPORT, AS",-12.785,143.3047,18.5,1987-06,24.6
ASN00028008,"LOCKHART RIVER AIRPORT, AS",-12.785,143.3047,18.5,1987-07,22.9
ASN00028008,"LOCKHART RIVER AIRPORT, AS",-12.785,143.3047,18.5,1987-08,23.6
ASN00028008,"LOCKHART RIVER AIRPORT, AS",-12.785,143.3047,18.5,1987-09,25.2
ASN00028008,"LOCKHART RIVER AIRPORT, AS",-12.785,143.3047,18.5,1987-10,25.4
ASN00028008,"LOCKHART RIVER AIRPORT, AS",-12.785,143.3047,18.5,1987-11,28
ASN00028008,"LOCKHART RIVER AIRPORT, AS",-12.785,143.3047,18.5,1987-12,28.5
ASN00028008,"LOCKHART RIVER AIRPORT, AS",-12.785,143.3047,18.5,1988-01,28.2
ASN00028008,"LOCKHART RIVER AIRPORT, AS",-12.785,143.3047,18.5,1988-02,27.8
ASN00028008,"LOCKHART RIVER AIRPORT, AS",-12.785,143.3047,18.5,1988-03,
ASN00028008,"LOCKHART RIVER AIRPORT, AS",-12.785,143.3047,18.5,1988-04,27.3
ASN00028008,"LOCKHART RIVER AIRPORT, AS",-12.785,143.3047,18.5,1988-05,26.1
ASN00028008,"LOCKHART RIVER AIRPORT, AS",-12.785,143.3047,18.5,1988-06,23.8
ASN00028008,"LOCKHART RIVER AIRPORT, AS",-12.785,143.3047,18.5,1988-07,25
ASN00028008,"LOCKHART RIVER AIRPORT, AS",-12.785,143.3047,18.5,1988-08,25.1
ASN00028008,"LOCKHART RIVER AIRPORT, AS",-12.785,143.3047,18.5,1988-09,25.4
ASN00028008,"LOCKHART RIVER AIRPORT, AS",-12.785,143.3047,18.5,1988-10,27.2
ASN00028008,"LOCKHART RIVER AIRPORT, AS",-12.785,143.3047,18.5,1988-11,28.2
ASN00028008,"LOCKHART RIVER AIRPORT, AS",-12.785,143.3047,18.5,1988-12,27.9
ASN00028008,"LOCKHART RIVER AIRPORT, AS",-12.785,143.3047,18.5,1989-01,27.4
ASN00028008,"LOCKHART RIVER AIRPORT, AS",-12.785,143.3047,18.5,1989-02,27.2
ASN00028008,"LOCKHART RIVER AIRPORT, AS",-12.785,143.3047,18.5,1989-03,26.6
ASN00028008,"LOCKHART RIVER AIRPORT, AS",-12.785,143.3047,18.5,1989-04,26.4
ASN00028008,"LOCKHART RIVER AIRPORT, AS",-12.785,143.3047,18.5,1989-05,25.4
ASN00028008,"LOCKHART RIVER AIRPORT, AS",-12.785,143.3047,18.5,1989-06,24.1
ASN00028008,"LOCKHART RIVER AIRPORT, AS",-12.785,143.3047,18.5,1989-07,24.3
ASN00028008,"LOCKHART RIVER AIRPORT, AS",-12.785,143.3047,18.5,1989-08,23.4
ASN00028008,"LOCKHART RIVER AIRPORT, AS",-12.785,143.3047,18.5,1989-09,25.1
ASN00028008,"LOCKHART RIVER AIRPORT, AS",-12.785,143.3047,18.5,1989-10,26.4
ASN00028008,"LOCKHART RIVER AIRPORT, AS",-12.785,143.3047,18.5,1989-11,27.8
ASN00028008,"LOCKHART RIVER AIRPORT, AS",-12.785,143.3047,18.5,1989-12,26.9
ASN00028008,"LOCKHART RIVER AIRPORT, AS",-12.785,143.3047,18.5,1990-01,27.4
ASN00028008,"LOCKHART RIVER AIRPORT, AS",-12.785,143.3047,18.5,1990-02,27.9
ASN00028008,"LOCKHART RIVER AIRPORT, AS",-12.785,143.3047,18.5,1990-03,26.8
ASN00028008,"LOCKHART RIVER AIRPORT, AS",-12.785,143.3047,18.5,1990-04,26.3
ASN00028008,"LOCKHART RIVER AIRPORT, AS",-12.785,143.3047,18.5,1990-05,26.4
ASN00028008,"LOCKHART RIVER AIRPORT, AS",-12.785,143.3047,18.5,1990-06,24.1
ASN00028008,"LOCKHART RIVER AIRPORT, AS",-12.785,143.3047,18.5,1990-07,24.1
ASN00028008,"LOCKHART RIVER AIRPORT, AS",-12.785,143.3047,18.5,1990-08,22.2
ASN00028008,"LOCKHART RIVER AIRPORT, AS",-12.785,143.3047,18.5,1990-09,23.9
ASN00028008,"LOCKHART RIVER AIRPORT, AS",-12.785,143.3047,18.5,1990-10,25.3
ASN00028008,"LOCKHART RIVER AIRPORT, AS",-12.785,143.3047,18.5,1990-11,27.7
ASN00028008,"LOCKHART RIVER AIRPORT, AS",-12.785,143.3047,18.5,1990-12,29.5
ASN00028008,"LOCKHART RIVER AIRPORT, AS",-12.785,143.3047,18.5,1991-01,28.1
ASN00028008,"LOCKHART RIVER AIRPORT, AS",-12.785,143.3047,18.5,1991-02,27.5
ASN00028008,"LOCKHART RIVER AIRPORT, AS",-12.785,143.3047,18.5,1991-03,26.3
ASN00028008,"LOCKHART RIVER AIRPORT, AS",-12.785,143.3047,18.5,1991-04,26.3
ASN00028008,"LOCKHART RIVER AIRPORT, AS",-12.785,143.3047,18.5,1991-05,24.5
ASN00028008,"LOCKHART RIVER AIRPORT, AS",-12.785,143.3047,18.5,1991-06,23.1
ASN00028008,"LOCKHART RIVER AIRPORT, AS",-12.785,143.3047,18.5,1991-07,22.8
ASN00028008,"LOCKHART RIVER AIRPORT, AS",-12.785,143.3047,18.5,1991-08,23.3
ASN00028008,"LOCKHART RIVER AIRPORT, AS",-12.785,143.3047,18.5,1991-09,23.6
ASN00028008,"LOCKHART RIVER AIRPORT, AS",-12.785,143.3047,18.5,1991-10,25.4
ASN00028008,"LOCKHART RIVER AIRPORT, AS",-12.785,143.3047,18.5,1991-11,26.6
ASN00028008,"LOCKHART RIVER AIRPORT, AS",-12.785,143.3047,18.5,1991-12,28.1
ASN00028008,"LOCKHART RIVER AIRPORT, AS",-12.785,143.3047,18.5,1992-01,27.6
ASN00028008,"LOCKHART RIVER AIRPORT, AS",-12.785,143.3047,18.5,1992-02,28.1
ASN00028008,"LOCKHART RIVER AIRPORT, AS",-12.785,143.3047,18.5,1992-03,27.4
ASN00028008,"LOCKHART RIVER AIRPORT, AS",-12.785,143.3047,18.5,1992-04,26.3
ASN00028008,"LOCKHART RIVER AIRPORT, AS",-12.785,143.3047,18.5,1992-05,26.1
ASN00028008,"LOCKHART RIVER AIRPORT, AS",-12.785,143.3047,18.5,1992-06,22.9
ASN00028008,"LOCKHART RIVER AIRPORT, AS",-12.785,143.3047,18.5,1992-07,23.5
ASN00028008,"LOCKHART RIVER AIRPORT, AS",-12.785,143.3047,18.5,1992-08,24
ASN00028008,"LOCKHART RIVER AIRPORT, AS",-12.785,143.3047,18.5,1992-09,25.2
ASN00028008,"LOCKHART RIVER AIRPORT, AS",-12.785,143.3047,18.5,1992-10,25.8
ASN00028008,"LOCKHART RIVER AIRPORT, AS",-12.785,143.3047,18.5,1992-11,27.3
ASN00028008,"LOCKHART RIVER AIRPORT, AS",-12.785,143.3047,18.5,1992-12,27.2
ASN00028008,"LOCKHART RIVER AIRPORT, AS",-12.785,143.3047,18.5,1993-01,26.9
ASN00028008,"LOCKHART RIVER AIRPORT, AS",-12.785,143.3047,18.5,1993-02,27.3
ASN00028008,"LOCKHART RIVER AIRPORT, AS",-12.785,143.3047,18.5,1993-03,27
ASN00028008,"LOCKHART RIVER AIRPORT, AS",-12.785,143.3047,18.5,1993-04,26.2
ASN00028008,"LOCKHART RIVER AIRPORT, AS",-12.785,143.3047,18.5,1993-05,25
ASN00028008,"LOCKHART RIVER AIRPORT, AS",-12.785,143.3047,18.5,1993-06,24.1
ASN00028008,"LOCKHART RIVER AIRPORT, AS",-12.785,143.3047,18.5,1993-07,23.6
ASN00028008,"LOCKHART RIVER AIRPORT, AS",-12.785,143.3047,18.5,1993-08,22.5
ASN00028008,"LOCKHART RIVER AIRPORT, AS",-12.785,143.3047,18.5,1993-09,24.6
ASN00028008,"LOCKHART RIVER AIRPORT, AS",-12.785,143.3047,18.5,1993-10,25.3
ASN00028008,"LOCKHART RIVER AIRPORT, AS",-12.785,143.3047,18.5,1993-11,27.2
ASN00028008,"LOCKHART RIVER AIRPORT, AS",-12.785,143.3047,18.5,1993-12,27.7
ASN00028008,"LOCKHART RIVER AIRPORT, AS",-12.785,143.3047,18.5,1994-01,28.3
ASN00028008,"LOCKHART RIVER AIRPORT, AS",-12.785,143.3047,18.5,1994-02,27.4
ASN00028008,"LOCKHART RIVER AIRPORT, AS",-12.785,143.3047,18.5,1994-03,27.2
ASN00028008,"LOCKHART RIVER AIRPORT, AS",-12.785,143.3047,18.5,1994-04,25.8
ASN00028008,"LOCKHART RIVER AIRPORT, AS",-12.785,143.3047,18.5,1994-05,25.4
ASN00028008,"LOCKHART RIVER AIRPORT, AS",-12.785,143.3047,18.5,1994-06,23
ASN00028008,"LOCKHART RIVER AIRPORT, AS",-12.785,143.3047,18.5,1994-07,22.3
ASN00028008,"LOCKHART RIVER AIRPORT, AS",-12.785,143.3047,18.5,1994-08,23.1
ASN00028008,"LOCKHART RIVER AIRPORT, AS",-12.785,143.3047,18.5,1994-09,22.6
ASN00028008,"LOCKHART RIVER AIRPORT, AS",-12.785,143.3047,18.5,1994-10,25.8
ASN00028008,"LOCKHART RIVER AIRPORT, AS",-12.785,143.3047,18.5,1994-11,26.8
ASN00028008,"LOCKHART RIVER AIRPORT, AS",-12.785,143.3047,18.5,1994-12,27.8
ASN00028008,"LOCKHART RIVER AIRPORT, AS",-12.785,143.3047,18.5,1995-01,27.7
ASN00028008,"LOCKHART RIVER AIRPORT, AS",-12.785,143.3047,18.5,1995-02,27.5
ASN00028008,"LOCKHART RIVER AIRPORT, AS",-12.785,143.3047,18.5,1995-03,26.8
ASN00028008,"LOCKHART RIVER AIRPORT, AS",-12.785,143.3047,18.5,1995-04,26
ASN00028008,"LOCKHART RIVER AIRPORT, AS",-12.785,143.3047,18.5,1995-05,25.8
ASN00028008,"LOCKHART RIVER AIRPORT, AS",-12.785,143.3047,18.5,1995-06,24
ASN00028008,"LOCKHART RIVER AIRPORT, AS",-12.785,143.3047,18.5,1995-07,23.1
ASN00028008,"LOCKHART RIVER AIRPORT, AS",-12.785,143.3047,18.5,1995-08,24.1
ASN00028008,"LOCKHART RIVER AIRPORT, AS",-12.785,143.3047,18.5,1995-09,24.7
ASN00028008,"LOCKHART RIVER AIRPORT, AS",-12.785,143.3047,18.5,1995-10,26.8
ASN00028008,"LOCKHART RIVER AIRPORT, AS",-12.785,143.3047,18.5,1995-11,28.8
ASN00028008,"LOCKHART RIVER AIRPORT, AS",-12.785,143.3047,18.5,1995-12,28.5
ASN00028008,"LOCKHART RIVER AIRPORT, AS",-12.785,143.3047,18.5,1996-01,27.8
ASN00028008,"LOCKHART RIVER AIRPORT, AS",-12.785,143.3047,18.5,1996-02,27
ASN00028008,"LOCKHART RIVER AIRPORT, AS",-12.785,143.3047,18.5,1996-03,26.5
ASN00028008,"LOCKHART RIVER AIRPORT, AS",-12.785,143.3047,18.5,1996-04,27.1
ASN00028008,"LOCKHART RIVER AIRPORT, AS",-12.785,143.3047,18.5,1996-05,25.6
ASN00028008,"LOCKHART RIVER AIRPORT, AS",-12.785,143.3047,18.5,1996-06,24.2
ASN00028008,"LOCKHART RIVER AIRPORT, AS",-12.785,143.3047,18.5,1996-07,
ASN00028008,"LOCKHART RIVER AIRPORT, AS",-12.785,143.3047,18.5,1996-08,23.6
ASN00028008,"LOCKHART RIVER AIRPORT, AS",-12.785,143.3047,18.5,1996-09,24.9
ASN00028008,"LOCKHART RIVER AIRPORT, AS",-12.785,143.3047,18.5,1996-10,26.7
ASN00028008,"LOCKHART RIVER AIRPORT, AS",-12.785,143.3047,18.5,1996-11,26.6
ASN00028008,"LOCKHART RIVER AIRPORT, AS",-12.785,143.3047,18.5,1996-12,27.3
ASN00028008,"LOCKHART RIVER AIRPORT, AS",-12.785,143.3047,18.5,1997-01,27
ASN00028008,"LOCKHART RIVER AIRPORT, AS",-12.785,143.3047,18.5,1997-02,26.8
ASN00028008,"LOCKHART RIVER AIRPORT, AS",-12.785,143.3047,18.5,1997-03,26.9
ASN00028008,"LOCKHART RIVER AIRPORT, AS",-12.785,143.3047,18.5,1997-04,25
ASN00028008,"LOCKHART RIVER AIRPORT, AS",-12.785,143.3047,18.5,1997-05,24
ASN00028008,"LOCKHART RIVER AIRPORT, AS",-12.785,143.3047,18.5,1997-06,23.3
ASN00028008,"LOCKHART RIVER AIRPORT, AS",-12.785,143.3047,18.5,1997-07,23.1
ASN00028008,"LOCKHART RIVER AIRPORT, AS",-12.785,143.3047,18.5,1997-08,21.8
ASN00028008,"LOCKHART RIVER AIRPORT, AS",-12.785,143.3047,18.5,1997-09,23.8
ASN00028008,"LOCKHART RIVER AIRPORT, AS",-12.785,143.3047,18.5,1997-10,24.8
ASN00028008,"LOCKHART RIVER AIRPORT, AS",-12.785,143.3047,18.5,1997-11,26.3
ASN00028008,"LOCKHART RIVER AIRPORT, AS",-12.785,143.3047,18.5,1997-12,28
ASN00028008,"LOCKHART RIVER AIRPORT, AS",-12.785,143.3047,18.5,1998-01,28.5
ASN00028008,"LOCKHART RIVER AIRPORT, AS",-12.785,143.3047,18.5,1998-02,27.8
ASN00028008,"LOCKHART RIVER AIRPORT, AS",-12.785,143.3047,18.5,1998-03,26.8
ASN00028008,"LOCKHART RIVER AIRPORT, AS",-12.785,143.3047,18.5,1998-04,27.6
ASN00028008,"LOCKHART RIVER AIRPORT, AS",-12.785,143.3047,18.5,1998-05,26.5
ASN00028008,"LOCKHART RIVER AIRPORT, AS",-12.785,143.3047,18.5,1998-06,24.5
ASN00028008,"LOCKHART RIVER AIRPORT, AS",-12.785,143.3047,18.5,1998-07,24.7
ASN00028008,"LOCKHART RIVER AIRPORT, AS",-12.785,143.3047,18.5,1998-08,25.3
ASN00028008,"LOCKHART RIVER AIRPORT, AS",-12.785,143.3047,18.5,1998-09,26.8
ASN00028008,"LOCKHART RIVER AIRPORT, AS",-12.785,143.3047,18.5,1998-10,27.9
ASN00028008,"LOCKHART RIVER AIRPORT, AS",-12.785,143.3047,18.5,1998-11,27.6
ASN00028008,"LOCKHART RIVER AIRPORT, AS",-12.785,143.3047,18.5,1998-12,27.6
ASN00028008,"LOCKHART RIVER AIRPORT, AS",-12.785,143.3047,18.5,1999-01,27.6
ASN00028008,"LOCKHART RIVER AIRPORT, AS",-12.785,143.3047,18.5,1999-02,27.3
ASN00028008,"LOCKHART RIVER AIRPORT, AS",-12.785,143.3047,18.5,1999-03,27.3
ASN00028008,"LOCKHART RIVER AIRPORT, AS",-12.785,143.3047,18.5,1999-04,26.4
ASN00028008,"LOCKHART RIVER AIRPORT, AS",-12.785,143.3047,18.5,1999-05,25.1
ASN00028008,"LOCKHART RIVER AIRPORT, AS",-12.785,143.3047,18.5,1999-06,24.5
ASN00028008,"LOCKHART RIVER AIRPORT, AS",-12.785,143.3047,18.5,1999-07,22.4
ASN00028008,"LOCKHART RIVER AIRPORT, AS",-12.785,143.3047,18.5,1999-08,23.1
ASN00028008,"LOCKHART RIVER AIRPORT, AS",-12.785,143.3047,18.5,1999-09,24.6
ASN00028008,"LOCKHART RIVER AIRPORT, AS",-12.785,143.3047,18.5,1999-10,26.7
ASN00028008,"LOCKHART RIVER AIRPORT, AS",-12.785,143.3047,18.5,1999-11,27
ASN00028008,"LOCKHART RIVER AIRPORT, AS",-12.785,143.3047,18.5,1999-12,27.3
ASN00028008,"LOCKHART RIVER AIRPORT, AS",-12.785,143.3047,18.5,2000-01,27.3
ASN00028008,"LOCKHART RIVER AIRPORT, AS",-12.785,143.3047,18.5,2000-02,27.6
ASN00028008,"LOCKHART RIVER AIRPORT, AS",-12.785,143.3047,18.5,2000-03,26.9
ASN00028008,"LOCKHART RIVER AIRPORT, AS",-12.785,143.3047,18.5,2000-04,27
ASN00028008,"LOCKHART RIVER AIRPORT, AS",-12.785,143.3047,18.5,2000-05,25.4
ASN00028008,"LOCKHART RIVER AIRPORT, AS",-12.785,143.3047,18.5,2000-06,23.4
ASN00028008,"LOCKHART RIVER AIRPORT, AS",-12.785,143.3047,18.5,2000-07,22.4
ASN00028008,"LOCKHART RIVER AIRPORT, AS",-12.785,143.3047,18.5,2000-08,23.1
ASN00028008,"LOCKHART RIVER AIRPORT, AS",-12.785,143.3047,18.5,2000-09,24.6
ASN00028008,"LOCKHART RIVER AIRPORT, AS",-12.785,143.3047,18.5,2000-10,26.7
ASN00028008,"LOCKHART RIVER AIRPORT, AS",-12.785,143.3047,18.5,2000-11,27.2
ASN00028008,"LOCKHART RIVER AIRPORT, AS",-12.785,143.3047,18.5,2000-12,27.2
ASN00028008,"LOCKHART RIVER AIRPORT, AS",-12.785,143.3047,18.5,2001-01,27.8
ASN00028008,"LOCKHART RIVER AIRPORT, AS",-12.785,143.3047,18.5,2001-02,27.3
ASN00028008,"LOCKHART RIVER AIRPORT, AS",-12.785,143.3047,18.5,2001-03,27.4
ASN00028008,"LOCKHART RIVER AIRPORT, AS",-12.785,143.3047,18.5,2001-04,26.8
ASN00028008,"LOCKHART RIVER AIRPORT, AS",-12.785,143.3047,18.5,2001-05,24.1
ASN00028008,"LOCKHART RIVER AIRPORT, AS",-12.785,143.3047,18.5,2001-06,24.8
ASN00028008,"LOCKHART RIVER AIRPORT, AS",-12.785,143.3047,18.5,2001-07,23.2
ASN00028008,"LOCKHART RIVER AIRPORT, AS",-12.785,143.3047,18.5,2001-08,
ASN00028008,"LOCKHART RIVER AIRPORT, AS",-12.785,143.3047,18.5,2001-09,26.3
ASN00028008,"LOCKHART RIVER AIRPORT, AS",-12.785,143.3047,18.5,2001-10,26.4
ASN00028008,"LOCKHART RIVER AIRPORT, AS",-12.785,143.3047,18.5,2001-11,
ASN00028008,"LOCKHART RIVER AIRPORT, AS",-12.785,143.3047,18.5,2001-12,
ASN00028008,"LOCKHART RIVER AIRPORT, AS",-12.785,143.3047,18.5,2002-01,
ASN00028008,"LOCKHART RIVER AIRPORT, AS",-12.785,143.3047,18.5,2002-02,
ASN00028008,"LOCKHART RIVER AIRPORT, AS",-12.785,143.3047,18.5,2002-03,27.3
ASN00028008,"LOCKHART RIVER AIRPORT, AS",-12.785,143.3047,18.5,2002-04,26.7
ASN00028008,"LOCKHART RIVER AIRPORT, AS",-12.785,143.3047,18.5,2002-05,24.7
ASN00028008,"LOCKHART RIVER AIRPORT, AS",-12.785,143.3047,18.5,2002-06,24.4
ASN00028008,"LOCKHART RIVER AIRPORT, AS",-12.785,143.3047,18.5,2002-07,22.9
ASN00028008,"LOCKHART RIVER AIRPORT, AS",-12.785,143.3047,18.5,2002-08,23.5
ASN00028008,"LOCKHART RIVER AIRPORT, AS",-12.785,143.3047,18.5,2002-09,24.3
ASN00028008,"LOCKHART RIVER AIRPORT, AS",-12.785,143.3047,18.5,2002-10,25.8
ASN00028008,"LOCKHART RIVER AIRPORT, AS",-12.785,143.3047,18.5,2002-11,28.2
ASN00028008,"LOCKHART RIVER AIRPORT, AS",-12.785,143.3047,18.5,2002-12,28.9
ASN00028008,"LOCKHART RIVER AIRPORT, AS",-12.785,143.3047,18.5,2003-01,27.4
ASN00028008,"LOCKHART RIVER AIRPORT, AS",-12.785,143.3047,18.5,2003-02,27.9
ASN00028008,"LOCKHART RIVER AIRPORT, AS",-12.785,143.3047,18.5,2003-03,27.1
ASN00028008,"LOCKHART RIVER AIRPORT, AS",-12.785,143.3047,18.5,2003-04,26.9
ASN00028008,"LOCKHART RIVER AIRPORT, AS",-12.785,143.3047,18.5,2003-05,25.6
ASN00028008,"LOCKHART RIVER AIRPORT, AS",-12.785,143.3047,18.5,2003-06,24.8
ASN00028008,"LOCKHART RIVER AIRPORT, AS",-12.785,143.3047,18.5,2003-07,24.2
ASN00028008,"LOCKHART RIVER AIRPORT, AS",-12.785,143.3047,18.5,2003-08,23.4
ASN00028008,"LOCKHART RIVER AIRPORT, AS",-12.785,143.3047,18.5,2003-09,24.8
ASN00028008,"LOCKHART RIVER AIRPORT, AS",-12.785,143.3047,18.5,2003-10,26.2
ASN00028008,"LOCKHART RIVER AIRPORT, AS",-12.785,143.3047,18.5,2003-11,27.8
ASN00028008,"LOCKHART RIVER AIRPORT, AS",-12.785,143.3047,18.5,2003-12,28.2
ASN00028008,"LOCKHART RIVER AIRPORT, AS",-12.785,143.3047,18.5,2004-01,28.1
ASN00028008,"LOCKHART RIVER AIRPORT, AS",-12.785,143.3047,18.5,2004-02,28
ASN00028008,"LOCKHART RIVER AIRPORT, AS",-12.785,143.3047,18.5,2004-03,27.3
ASN00028008,"LOCKHART RIVER AIRPORT, AS",-12.785,143.3047,18.5,2004-04,26.6
ASN00028008,"LOCKHART RIVER AIRPORT, AS",-12.785,143.3047,18.5,2004-05,26.1
ASN00028008,"LOCKHART RIVER AIRPORT, AS",-12.785,143.3047,18.5,2004-06,23.2
ASN00028008,"LOCKHART RIVER AIRPORT, AS",-12.785,143.3047,18.5,2004-07,22.7
ASN00028008,"LOCKHART RIVER AIRPORT, AS",-12.785,143.3047,18.5,2004-08,21.5
ASN00028008,"LOCKHART RIVER AIRPORT, AS",-12.785,143.3047,18.5,2004-09,25.1
ASN00028008,"LOCKHART RIVER AIRPORT, AS",-12.785,143.3047,18.5,2004-10,25.4
ASN00028008,"LOCKHART RIVER AIRPORT, AS",-12.785,143.3047,18.5,2004-11,27.3
ASN00028008,"LOCKHART RIVER AIRPORT, AS",-12.785,143.3047,18.5,2004-12,28
ASN00028008,"LOCKHART RIVER AIRPORT, AS",-12.785,143.3047,18.5,2005-01,27.9
ASN00028008,"LOCKHART RIVER AIRPORT, AS",-12.785,143.3047,18.5,2005-02,28
ASN00028008,"LOCKHART RIVER AIRPORT, AS",-12.785,143.3047,18.5,2005-03,27.3
ASN00028008,"LOCKHART RIVER AIRPORT, AS",-12.785,143.3047,18.5,2005-04,26.5
ASN00028008,"LOCKHART RIVER AIRPORT, AS",-12.785,143.3047,18.5,2005-05,24.7
ASN00028008,"LOCKHART RIVER AIRPORT, AS",-12.785,143.3047,18.5,2005-06,24.8
ASN00028008,"LOCKHART RIVER AIRPORT, AS",-12.785,143.3047,18.5,2005-07,24
ASN00028008,"LOCKHART RIVER AIRPORT, AS",-12.785,143.3047,18.5,2005-08,23.5
ASN00028008,"LOCKHART RIVER AIRPORT, AS",-12.785,143.3047,18.5,2005-09,24.7
ASN00028008,"LOCKHART RIVER AIRPORT, AS",-12.785,143.3047,18.5,2005-10,26.9
ASN00028008,"LOCKHART RIVER AIRPORT, AS",-12.785,143.3047,18.5,2005-11,28.1
ASN00028008,"LOCKHART RIVER AIRPORT, AS",-12.785,143.3047,18.5,2005-12,29.2
ASN00028008,"LOCKHART RIVER AIRPORT, AS",-12.785,143.3047,18.5,2006-01,27.8
ASN00028008,"LOCKHART RIVER AIRPORT, AS",-12.785,143.3047,18.5,2006-02,27.7
ASN00028008,"LOCKHART RIVER AIRPORT, AS",-12.785,143.3047,18.5,2006-03,27.1
ASN00028008,"LOCKHART RIVER AIRPORT, AS",-12.785,143.3047,18.5,2006-08,22.6
ASN00028008,"LOCKHART RIVER AIRPORT, AS",-12.785,143.3047,18.5,2006-09,24.9
ASN00028008,"LOCKHART RIVER AIRPORT, AS",-12.785,143.3047,18.5,2006-10,25.8
ASN00028008,"LOCKHART RIVER AIRPORT, AS",-12.785,143.3047,18.5,2006-11,27.2
ASN00028008,"LOCKHART RIVER AIRPORT, AS",-12.785,143.3047,18.5,2006-12,28.4
ASN00028008,"LOCKHART RIVER AIRPORT, AS",-12.785,143.3047,18.5,2007-02,28.1
ASN00028008,"LOCKHART RIVER AIRPORT, AS",-12.785,143.3047,18.5,2007-03,27.2
ASN00028008,"LOCKHART RIVER AIRPORT, AS",-12.785,143.3047,18.5,2007-04,26.4
ASN00028008,"LOCKHART RIVER AIRPORT, AS",-12.785,143.3047,18.5,2007-05,26.1
ASN00028008,"LOCKHART RIVER AIRPORT, AS",-12.785,143.3047,18.5,2007-06,24.2
ASN00028008,"LOCKHART RIVER AIRPORT, AS",-12.785,143.3047,18.5,2007-07,21.8
ASN00028008,"LOCKHART RIVER AIRPORT, AS",-12.785,143.3047,18.5,2007-08,24.1
ASN00028008,"LOCKHART RIVER AIRPORT, AS",-12.785,143.3047,18.5,2007-09,24.1
ASN00028008,"LOCKHART RIVER AIRPORT, AS",-12.785,143.3047,18.5,2008-01,28.3
ASN00028008,"LOCKHART RIVER AIRPORT, AS",-12.785,143.3047,18.5,2008-02,28.1
ASN00028008,"LOCKHART RIVER AIRPORT, AS",-12.785,143.3047,18.5,2008-03,27.1
ASN00028008,"LOCKHART RIVER AIRPORT, AS",-12.785,143.3047,18.5,2008-04,25.8
ASN00028008,"LOCKHART RIVER AIRPORT, AS",-12.785,143.3047,18.5,2008-05,24.5
ASN00028008,"LOCKHART RIVER AIRPORT, AS",-12.785,143.3047,18.5,2008-06,24.9
ASN00028008,"LOCKHART RIVER AIRPORT, AS",-12.785,143.3047,18.5,2008-07,23.8
ASN00028008,"LOCKHART RIVER AIRPORT, AS",-12.785,143.3047,18.5,2008-08,23.8
ASN00028008,"LOCKHART RIVER AIRPORT, AS",-12.785,143.3047,18.5,2008-10,27.2
ASN00028008,"LOCKHART RIVER AIRPORT, AS",-12.785,143.3047,18.5,2008-11,29.2
ASN00028008,"LOCKHART RIVER AIRPORT, AS",-12.785,143.3047,18.5,2008-12,28.4
ASN00028008,"LOCKHART RIVER AIRPORT, AS",-12.785,143.3047,18.5,2009-01,27.7
ASN00028008,"LOCKHART RIVER AIRPORT, AS",-12.785,143.3047,18.5,2009-02,27.9
ASN00028008,"LOCKHART RIVER AIRPORT, AS",-12.785,143.3047,18.5,2009-03,27.1
ASN00028008,"LOCKHART RIVER AIRPORT, AS",-12.785,143.3047,18.5,2009-04,26.5
ASN00028008,"LOCKHART RIVER AIRPORT, AS",-12.785,143.3047,18.5,2009-05,25.1
ASN00028008,"LOCKHART RIVER AIRPORT, AS",-12.785,143.3047,18.5,2009-06,
ASN00028008,"LOCKHART RIVER AIRPORT, AS",-12.785,143.3047,18.5,2009-07,23.2
ASN00028008,"LOCKHART RIVER AIRPORT, AS",-12.785,143.3047,18.5,2009-08,
ASN00028008,"LOCKHART RIVER AIRPORT, AS",-12.785,143.3047,18.5,2009-09,25.5
ASN00028008,"LOCKHART RIVER AIRPORT, AS",-12.785,143.3047,18.5,2009-10,26.3
ASN00028008,"LOCKHART RIVER AIRPORT, AS",-12.785,143.3047,18.5,2009-11,28
ASN00028008,"LOCKHART RIVER AIRPORT, AS",-12.785,143.3047,18.5,2009-12,28.3
ASN00028008,"LOCKHART RIVER AIRPORT, AS",-12.785,143.3047,18.5,2010-01,27.9
ASN00028008,"LOCKHART RIVER AIRPORT, AS",-12.785,143.3047,18.5,2010-02,28.3
ASN00028008,"LOCKHART RIVER AIRPORT, AS",-12.785,143.3047,18.5,2010-03,27.5
ASN00028008,"LOCKHART RIVER AIRPORT, AS",-12.785,143.3047,18.5,2010-04,27.3
ASN00028008,"LOCKHART RIVER AIRPORT, AS",-12.785,143.3047,18.5,2010-05,26.3
ASN00028008,"LOCKHART RIVER AIRPORT, AS",-12.785,143.3047,18.5,2010-06,25.4
ASN00028008,"LOCKHART RIVER AIRPORT, AS",-12.785,143.3047,18.5,2010-07,25.5
ASN00028008,"LOCKHART RIVER AIRPORT, AS",-12.785,143.3047,18.5,2010-08,25.6
ASN00028008,"LOCKHART RIVER AIRPORT, AS",-12.785,143.3047,18.5,2010-09,27.2
ASN00028008,"LOCKHART RIVER AIRPORT, AS",-12.785,143.3047,18.5,2010-10,27.8
ASN00028008,"LOCKHART RIVER AIRPORT, AS",-12.785,143.3047,18.5,2010-11,27.3
ASN00028008,"LOCKHART RIVER AIRPORT, AS",-12.785,143.3047,18.5,2010-12,27.9
ASN00028008,"LOCKHART RIVER AIRPORT, AS",-12.785,143.3047,18.5,2011-01,27.6
ASN00028008,"LOCKHART RIVER AIRPORT, AS",-12.785,143.3047,18.5,2011-02,26.9
ASN00028008,"LOCKHART RIVER AIRPORT, AS",-12.785,143.3047,18.5,2011-03,26.9
ASN00028008,"LOCKHART RIVER AIRPORT, AS",-12.785,143.3047,18.5,2011-04,26.1
ASN00028008,"LOCKHART RIVER AIRPORT, AS",-12.785,143.3047,18.5,2011-05,24.3
ASN00028008,"LOCKHART RIVER AIRPORT, AS",-12.785,143.3047,18.5,2011-06,22.9
ASN00028008,"LOCKHART RIVER AIRPORT, AS",-12.785,143.3047,18.5,2011-07,24.1
ASN00028008,"LOCKHART RIVER AIRPORT, AS",-12.785,143.3047,18.5,2011-08,23.4
ASN00028008,"LOCKHART RIVER AIRPORT, AS",-12.785,143.3047,18.5,2011-09,26.2
ASN00028008,"LOCKHART RIVER AIRPORT, AS",-12.785,143.3047,18.5,2011-10,27.4
ASN00028008,"LOCKHART RIVER AIRPORT, AS",-12.785,143.3047,18.5,2011-11,28.6
ASN00028008,"LOCKHART RIVER AIRPORT, AS",-12.785,143.3047,18.5,2011-12,28.2
ASN00028008,"LOCKHART RIVER AIRPORT, AS",-12.785,143.3047,18.5,2012-01,27.9
ASN00028008,"LOCKHART RIVER AIRPORT, AS",-12.785,143.3047,18.5,2012-02,27.9
ASN00028008,"LOCKHART RIVER AIRPORT, AS",-12.785,143.3047,18.5,2012-03,27.4
ASN00028008,"LOCKHART RIVER AIRPORT, AS",-12.785,143.3047,18.5,2012-04,26.3
ASN00028008,"LOCKHART RIVER AIRPORT, AS",-12.785,143.3047,18.5,2012-05,25.6
ASN00028008,"LOCKHART RIVER AIRPORT, AS",-12.785,143.3047,18.5,2012-06,23.4
ASN00028008,"LOCKHART RIVER AIRPORT, AS",-12.785,143.3047,18.5,2012-07,23.7
ASN00028008,"LOCKHART RIVER AIRPORT, AS",-12.785,143.3047,18.5,2012-08,23.3
ASN00028008,"LOCKHART RIVER AIRPORT, AS",-12.785,143.3047,18.5,2012-09,24.9
ASN00028008,"LOCKHART RIVER AIRPORT, AS",-12.785,143.3047,18.5,2012-10,26.3
ASN00028008,"LOCKHART RIVER AIRPORT, AS",-12.785,143.3047,18.5,2012-11,27.4
ASN00028008,"LOCKHART RIVER AIRPORT, AS",-12.785,143.3047,18.5,2012-12,28.3
ASN00028008,"LOCKHART RIVER AIRPORT, AS",-12.785,143.3047,18.5,2013-01,28.9
ASN00028008,"LOCKHART RIVER AIRPORT, AS",-12.785,143.3047,18.5,2013-02,28.5
ASN00028008,"LOCKHART RIVER AIRPORT, AS",-12.785,143.3047,18.5,2013-03,27.1
ASN00028008,"LOCKHART RIVER AIRPORT, AS",-12.785,143.3047,18.5,2013-04,26.8
ASN00028008,"LOCKHART RIVER AIRPORT, AS",-12.785,143.3047,18.5,2013-05,26.5
ASN00028008,"LOCKHART RIVER AIRPORT, AS",-12.785,143.3047,18.5,2013-06,25
ASN00028008,"LOCKHART RIVER AIRPORT, AS",-12.785,143.3047,18.5,2013-07,24.2
ASN00028008,"LOCKHART RIVER AIRPORT, AS",-12.785,143.3047,18.5,2013-08,23.2
ASN00028008,"LOCKHART RIVER AIRPORT, AS",-12.785,143.3047,18.5,2013-09,24.9
ASN00028008,"LOCKHART RIVER AIRPORT, AS",-12.785,143.3047,18.5,2013-10,27.1
ASN00028008,"LOCKHART RIVER AIRPORT, AS",-12.785,143.3047,18.5,2013-11,28.3
ASN00028008,"LOCKHART RIVER AIRPORT, AS",-12.785,143.3047,18.5,2013-12,27.8
ASN00028008,"LOCKHART RIVER AIRPORT, AS",-12.785,143.3047,18.5,2014-01,27.6
ASN00028008,"LOCKHART RIVER AIRPORT, AS",-12.785,143.3047,18.5,2014-02,27.1
ASN00028008,"LOCKHART RIVER AIRPORT, AS",-12.785,143.3047,18.5,2014-03,27.1
ASN00028008,"LOCKHART RIVER AIRPORT, AS",-12.785,143.3047,18.5,2014-04,27.2
ASN00028008,"LOCKHART RIVER AIRPORT, AS",-12.785,143.3047,18.5,2014-05,26
ASN00028008,"LOCKHART RIVER AIRPORT, AS",-12.785,143.3047,18.5,2014-06,23.8
ASN00028008,"LOCKHART RIVER AIRPORT, AS",-12.785,143.3047,18.5,2014-07,23.1
ASN00028008,"LOCKHART RIVER AIRPORT, AS",-12.785,143.3047,18.5,2014-08,24.5
ASN00028008,"LOCKHART RIVER AIRPORT, AS",-12.785,143.3047,18.5,2014-09,24
ASN00028008,"LOCKHART RIVER AIRPORT, AS",-12.785,143.3047,18.5,2014-10,25.4
ASN00028008,"LOCKHART RIVER AIRPORT, AS",-12.785,143.3047,18.5,2014-11,27.8
ASN00028008,"LOCKHART RIVER AIRPORT, AS",-12.785,143.3047,18.5,2014-12,29.1
ASN00028008,"LOCKHART RIVER AIRPORT, AS",-12.785,143.3047,18.5,2015-01,28.4
ASN00028008,"LOCKHART RIVER AIRPORT, AS",-12.785,143.3047,18.5,2015-02,27.5
ASN00028008,"LOCKHART RIVER AIRPORT, AS",-12.785,143.3047,18.5,2015-03,26.8
ASN00028008,"LOCKHART RIVER AIRPORT, AS",-12.785,143.3047,18.5,2015-04,26.7
ASN00028008,"LOCKHART RIVER AIRPORT, AS",-12.785,143.3047,18.5,2015-05,24.8
ASN00028008,"LOCKHART RIVER AIRPORT, AS",-12.785,143.3047,18.5,2015-06,24.7
ASN00028008,"LOCKHART RIVER AIRPORT, AS",-12.785,143.3047,18.5,2015-07,23.3
ASN00028008,"LOCKHART RIVER AIRPORT, AS",-12.785,143.3047,18.5,2015-08,23.2
ASN00028008,"LOCKHART RIVER AIRPORT, AS",-12.785,143.3047,18.5,2015-09,24.5
ASN00028008,"LOCKHART RIVER AIRPORT, AS",-12.785,143.3047,18.5,2015-10,26
ASN00028008,"LOCKHART RIVER AIRPORT, AS",-12.785,143.3047,18.5,2015-11,28
ASN00028008,"LOCKHART RIVER AIRPORT, AS",-12.785,143.3047,18.5,2015-12,28.3
ASN00028008,"LOCKHART RIVER AIRPORT, AS",-12.785,143.3047,18.5,2016-01,29
ASN00028008,"LOCKHART RIVER AIRPORT, AS",-12.785,143.3047,18.5,2016-02,
ASN00028008,"LOCKHART RIVER AIRPORT, AS",-12.785,143.3047,18.5,2016-03,27.9
ASN00028008,"LOCKHART RIVER AIRPORT, AS",-12.785,143.3047,18.5,2016-04,27.5
ASN00028008,"LOCKHART RIVER AIRPORT, AS",-12.785,143.3047,18.5,2016-05,27
ASN00028008,"LOCKHART RIVER AIRPORT, AS",-12.785,143.3047,18.5,2016-06,25.4
ASN00028008,"LOCKHART RIVER AIRPORT, AS",-12.785,143.3047,18.5,2016-07,24.9
ASN00028008,"LOCKHART RIVER AIRPORT, AS",-12.785,143.3047,18.5,2016-10,27.2
ASN00028008,"LOCKHART RIVER AIRPORT, AS",-12.785,143.3047,18.5,2016-12,28.4
